{"cameraMode":{"drawMode":0,"name":"Shaded","section":"Shading Mode"},"sceneLighting":false,"audioPlay":false,"sceneViewState":{"showFog":true,"showMaterialUpdate":false,"showSkybox":false,"showFlares":true,"showImageEffects":true,"showParticleSystems":true},"in2DMode":false,"pivot":{"x":-0.06570148468017578,"y":2.229496955871582,"z":0.2420635223388672},"rotation":{"x":-0.02998587116599083,"y":0.5066210627555847,"z":-0.01766795665025711,"w":-0.8615050315856934},"size":14.03049087524414,"orthographic":false}