{"cameraMode":{"drawMode":0,"name":"Shaded","section":"Shading Mode"},"sceneLighting":true,"audioPlay":false,"sceneViewState":{"showFog":true,"showMaterialUpdate":false,"showSkybox":true,"showFlares":true,"showImageEffects":true,"showParticleSystems":true},"in2DMode":false,"pivot":{"x":-0.06570053100585938,"y":2.198503017425537,"z":0.2420635223388672},"rotation":{"x":-0.2155255675315857,"y":0.4535081386566162,"z":-0.11401845514774323,"w":-0.857251763343811},"size":9.005958557128907,"orthographic":false}