{"cameraMode":{"drawMode":0,"name":"Shaded","section":"Shading Mode"},"sceneLighting":false,"audioPlay":false,"sceneViewState":{"showFog":true,"showMaterialUpdate":false,"showSkybox":false,"showFlares":true,"showImageEffects":true,"showParticleSystems":true},"in2DMode":false,"pivot":{"x":-0.20999997854232789,"y":0.4599999785423279,"z":-3.450000286102295},"rotation":{"x":-0.02998587116599083,"y":0.5066210627555847,"z":-0.01766795665025711,"w":-0.8615050315856934},"size":3.370819091796875,"orthographic":false}